date,company,position,location,tags,remote,experience_level,experience_years,english_level,url
2026-02-09T20:09:36.314895,Postulado,Desarrollador de Negocios B2B – Servicios Temporales / Outsourcing de Talento Humano,,,False,,3,,https://www.computrabajo.com.co/ofertas-de-trabajo/oferta-de-trabajo-de-desarrollador-de-negocios-b2b-servicios-temporales-outsourcing-de-talento-humano-en-bogota-dc-7328ED79E64FC4F361373E686DCF3405#lc=ListOffers-Score4-0
2026-02-09T20:09:39.256882,Postulado,Desarrollador/a RPA,,"python, sql, software",False,,3,required,https://www.computrabajo.com.co/ofertas-de-trabajo/oferta-de-trabajo-de-desarrolladora-rpa-ingles-b2-en-bogota-dc-59360722EF767CC061373E686DCF3405#lc=ListOffers-Score4-1
2026-02-09T20:09:41.924069,Postulado,Auxiliar PCM o programador de mantenimiento,,,False,,,,https://www.computrabajo.com.co/ofertas-de-trabajo/oferta-de-trabajo-de-auxiliar-pcm-o-programador-de-mantenimiento-programador-de-mantenimiento-en-bogota-dc-1F26108BD5A59CD961373E686DCF3405#lc=ListOffers-Score4-2
2026-02-09T20:09:44.624871,Postulado,Operador y programador cnc,,,False,,2,,https://www.computrabajo.com.co/ofertas-de-trabajo/oferta-de-trabajo-de-operador-y-programador-cnc-centro-de-mecanizado-cnc-en-bogota-dc-0A3EDF256FCF001361373E686DCF3405#lc=ListOffers-Score4-3
2026-02-09T20:09:47.406673,Se precisa Urgente,Desarrollador de mercados/ sector tecnología,Empleo destacado,software,False,,2,,https://www.computrabajo.com.co/ofertas-de-trabajo/oferta-de-trabajo-de-desarrollador-de-mercados-sector-tecnologia-oriente-antioqueno-en-rionegro-8D1E92D11DF4228961373E686DCF3405#lc=ListOffers-Score4-4
2026-02-09T20:09:50.247775,Se precisa Urgente,Back end Developer (.NET + APIs)  Ingles Avanzado,Empleo destacado,"sql, azure, support, software, frontend",False,,5,required,https://www.computrabajo.com.co/ofertas-de-trabajo/oferta-de-trabajo-de-back-end-developer-net-apis-ingles-avanzado-medellin-en-medellin-649FA8B1E38D073461373E686DCF3405#lc=ListOffers-Score4-5
2026-02-09T20:09:52.909902,Se precisa Urgente,Full Stack Developer (.NET + Angular/Blazor)  Ingles Avanzado,Empleo destacado,"sql, software",False,,5,required,https://www.computrabajo.com.co/ofertas-de-trabajo/oferta-de-trabajo-de-full-stack-developer-net-angularblazor-ingles-avanzado-medellin-en-medellin-48C702F864A0AA5961373E686DCF3405#lc=ListOffers-Score4-6
2026-02-09T20:09:55.771120,Empleo destacado,Frond end Developer (ASP.NET Angular/Blazor) Ingles Avanzado,Postulado,"sql, react, software, backend, frontend",False,,5,required,https://www.computrabajo.com.co/ofertas-de-trabajo/oferta-de-trabajo-de-frond-end-developer-aspnet-angularblazor-ingles-avanzado-medellin-en-medellin-E75410134ABE2E7A61373E686DCF3405#lc=ListOffers-Score4-7
2026-02-09T20:09:58.580633,Empleo destacado,Desarrollador Full Stack/profesional en ingeniería de sistemas/Desarrollador de software/Bogotá,Postulado,"sql, node, software, backend, frontend",False,,3,,https://www.computrabajo.com.co/ofertas-de-trabajo/oferta-de-trabajo-de-desarrollador-full-stackprofesional-en-ingenieria-de-sistemasdesarrollador-de-softwarebogota-en-bogota-dc-C43D75F9234111B361373E686DCF3405#lc=ListOffers-Score4-8
2026-02-09T20:10:01.269578,Se precisa Urgente,Desarrollador de negocios corporativos Soluciones de Seguridad Medellín,Empleo destacado,,False,,2,required,https://www.computrabajo.com.co/ofertas-de-trabajo/oferta-de-trabajo-de-desarrollador-de-negocios-corporativos-soluciones-de-seguridad-medellin-ejecutivo-a-comercial-en-medellin-48FB9C0F4C8AD6A561373E686DCF3405#lc=ListOffers-Score4-9
2026-02-09T20:10:03.957216,Postulado,"Desarrollador, Programador",,"java, sql, react, node, software, backend, frontend",False,,,,https://www.computrabajo.com.co/ofertas-de-trabajo/oferta-de-trabajo-de-desarrollador-programador-software-backend-frontend-en-medellin-8189C299C00FC11161373E686DCF3405#lc=ListOffers-Score4-10
2026-02-09T20:10:06.653725,Postulado,Desarrollador de Zona,,software,False,,3,,https://www.computrabajo.com.co/ofertas-de-trabajo/oferta-de-trabajo-de-desarrollador-de-zona-cali-en-cali-9AADD5214B634CBB61373E686DCF3405#lc=ListOffers-Score4-11
2026-02-09T20:10:10.501252,Postulado,Analista programador transporte Junior,,,False,junior,42,,https://www.computrabajo.com.co/ofertas-de-trabajo/oferta-de-trabajo-de-analista-programador-transporte-junior-en-barranquilla-65BFF9A068A14CE661373E686DCF3405#lc=ListOffers-Score4-12
2026-02-09T20:10:17.388133,Se precisa Urgente,Desarrollador de software .NET,Empleo destacado,"sql, azure, software, frontend",True,,3,,https://www.computrabajo.com.co/ofertas-de-trabajo/oferta-de-trabajo-de-desarrollador-de-software-net-en-bogota-dc-91873DF3D3175B8F61373E686DCF3405#lc=ListOffers-Score4-13
2026-02-09T20:10:20.898783,Se precisa Urgente,Programador Turnos de Vigilancia,Empleo destacado,software,False,,,,https://www.computrabajo.com.co/ofertas-de-trabajo/oferta-de-trabajo-de-programador-turnos-de-vigilancia-bosconia-valledupar-en-bosconia-4BAB656807798BBE61373E686DCF3405#lc=ListOffers-Score4-14
2026-02-09T20:10:25.045785,Postulado,Supervisor de sistemas,,software,False,,2,,https://www.computrabajo.com.co/ofertas-de-trabajo/oferta-de-trabajo-de-supervisor-de-sistemas-desarrollador-web-en-facatativa-281691D32F760BD861373E686DCF3405#lc=ListOffers-Score4-15
2026-02-09T20:10:28.271583,Se precisa Urgente,Desarrollador CX,Postulado,"cloud, backend",True,,5,required,https://www.computrabajo.com.co/ofertas-de-trabajo/oferta-de-trabajo-de-desarrollador-cx-en-bogota-dc-464AB33A8D3F82BD61373E686DCF3405#lc=ListOffers-Score4-16
2026-02-09T20:10:30.974056,Postulado,Desarrollador de Negocios(Bussiness Devolmept),,software,False,,10,,https://www.computrabajo.com.co/ofertas-de-trabajo/oferta-de-trabajo-de-desarrollador-de-negociosbussiness-devolmept-cartagena-en-cartagena-de-indias-D98E27A05793A18F61373E686DCF3405#lc=ListOffers-Score4-17
2026-02-09T20:10:33.678869,Se precisa Urgente,Programador cnc,Empleo destacado,software,False,,2,,https://www.computrabajo.com.co/ofertas-de-trabajo/oferta-de-trabajo-de-programador-cnc-en-tocancipa-A02842C626A3E10461373E686DCF3405#lc=ListOffers-Score4-18
2026-02-09T20:10:36.682242,Postulado,Desarrollador de software,,"python, java, sql, node, security, software, backend",False,,3,,https://www.computrabajo.com.co/ofertas-de-trabajo/oferta-de-trabajo-de-desarrollador-de-software-en-pereira-85C4A0B2C166543861373E686DCF3405#lc=ListOffers-Score4-19
2026-02-09T20:10:46.066238,Postulado,Programador de rutas,,software,False,,2,,https://www.computrabajo.com.co/ofertas-de-trabajo/oferta-de-trabajo-de-programador-de-rutas-experiencia-en-transporte-en-yumbo-E9198E278C28C8D061373E686DCF3405#lc=ListOffers-Score4-0
2026-02-09T20:10:48.691794,Se precisa Urgente,Desarrollador de marketing cadenas,Postulado,software,False,,4,,https://www.computrabajo.com.co/ofertas-de-trabajo/oferta-de-trabajo-de-desarrollador-de-marketing-cadenas-en-bogota-dc-506DDEF527BB029361373E686DCF3405#lc=ListOffers-Score4-1
2026-02-09T20:10:51.331451,Postulado,Director comercial / Desarrollador comercial,,,False,,2,,https://www.computrabajo.com.co/ofertas-de-trabajo/oferta-de-trabajo-de-director-comercial-desarrollador-comercial-bucaramanga-en-bucaramanga-FE5B50F8BA6C46B961373E686DCF3405#lc=ListOffers-Score4-2
2026-02-09T20:10:54.081649,Empleo destacado,desarrollador full stack,Postulado,"sql, aws, software, backend",True,,3,,https://www.computrabajo.com.co/ofertas-de-trabajo/oferta-de-trabajo-de-desarrollador-full-stack-para-laborar-en-bucaramanga-en-bucaramanga-2724C93C92A5788161373E686DCF3405#lc=ListOffers-Score4-3
2026-02-09T20:10:56.923497,Empleo destacado,Ejecutivo de Desarrollo Comercial – Sector Industrial,Postulado,,False,,40,,https://www.computrabajo.com.co/ofertas-de-trabajo/oferta-de-trabajo-de-ejecutivo-de-desarrollo-comercial-sector-industrial-desarrollador-de-cuentas-en-la-estrella-B4D6DD0E86CE3CAA61373E686DCF3405#lc=ListOffers-Score4-4
2026-02-09T20:10:59.630599,Postulado,Programador de eventos deportivos,,software,False,,3,,https://www.computrabajo.com.co/ofertas-de-trabajo/oferta-de-trabajo-de-programador-de-eventos-deportivos-tiempo-completo-en-bogota-dc-A39F825161BABE8461373E686DCF3405#lc=ListOffers-Score4-5
2026-02-09T20:11:02.331594,Postulado,Desarrollador de nuevos productos,,software,False,,2,,https://www.computrabajo.com.co/ofertas-de-trabajo/oferta-de-trabajo-de-desarrollador-de-nuevos-productos-empresa-de-alimentos-bogota-en-bogota-dc-5F5F252BCBAE073961373E686DCF3405#lc=ListOffers-Score4-6
2026-02-09T20:11:05.316156,Se precisa Urgente,Desarrollador web  CRM y Automatizacioes (medio tiempo),Empleo destacado,"java, software, frontend",True,,2,required,https://www.computrabajo.com.co/ofertas-de-trabajo/oferta-de-trabajo-de-desarrollador-web-crm-y-automatizacioes-medio-tiempo-en-bogota-dc-CFA136A50A46920F61373E686DCF3405#lc=ListOffers-Score4-7
2026-02-09T20:11:09.052814,Postulado,Desarrollador De Software/ Ingeniero De Software,,"sql, software, backend",False,,7,,https://www.computrabajo.com.co/ofertas-de-trabajo/oferta-de-trabajo-de-desarrollador-de-software-ingeniero-de-software-chia-en-chia-365910B0E2279FCC61373E686DCF3405#lc=ListOffers-Score4-8
2026-02-09T20:11:11.947296,Postulado,Desarrollador junior laravel + react (typecript),,"java, sql, docker, react, software, frontend",False,junior,,required,https://www.computrabajo.com.co/ofertas-de-trabajo/oferta-de-trabajo-de-desarrollador-junior-laravel-react-typecript-tiempo-completo-y-presencia-en-medellin-2A80B21D1716AB7161373E686DCF3405#lc=ListOffers-Score4-9
2026-02-09T20:11:14.644281,Se precisa Urgente,Desarrollador de mercado TAT,Postulado,,False,,2,,https://www.computrabajo.com.co/ofertas-de-trabajo/oferta-de-trabajo-de-desarrollador-de-mercado-tat-en-barrancabermeja-A730814A4762FF0661373E686DCF3405#lc=ListOffers-Score4-10
2026-02-09T20:11:17.380049,Empleo destacado,Desarrolladores,Postulado,"react, software, backend, frontend",True,,3,,https://www.computrabajo.com.co/ofertas-de-trabajo/oferta-de-trabajo-de-desarrolladores-con-certificaciones-en-bogota-dc-A9EF8F2DE30D694961373E686DCF3405#lc=ListOffers-Score4-11
2026-02-09T20:11:20.073577,Postulado,Desarrollador Full Stack Semi Senior,,"sql, react, node, software, backend, frontend",False,senior,3,,https://www.computrabajo.com.co/ofertas-de-trabajo/oferta-de-trabajo-de-desarrollador-full-stack-semi-senior-en-bogota-dc-98B868A1948C939261373E686DCF3405#lc=ListOffers-Score4-12
2026-02-09T20:11:22.790827,Postulado,Desarrollador Android,,software,False,,,,https://www.computrabajo.com.co/ofertas-de-trabajo/oferta-de-trabajo-de-desarrollador-android-aplicaciones-moviles-android-en-bogota-dc-5953E321552ED95761373E686DCF3405#lc=ListOffers-Score4-13
2026-02-09T20:11:25.556335,Se precisa Urgente,Desarrollador/a Full Stack con Automatización,Empleo destacado,"python, java, sql, react, node, software, backend, frontend",False,,,required,https://www.computrabajo.com.co/ofertas-de-trabajo/oferta-de-trabajo-de-desarrolladora-full-stack-con-automatizacion-ia-y-enfoque-en-producto-saas-en-medellin-5FBA8D399247B0CD61373E686DCF3405#lc=ListOffers-Score4-14
2026-02-09T20:11:28.627983,Postulado,Desarrollador .NET Semi Senior,,"python, java, sql, azure, react, node, software, frontend",True,senior,3,,https://www.computrabajo.com.co/ofertas-de-trabajo/oferta-de-trabajo-de-desarrollador-net-semi-senior-deseable-experiencia-en-el-sector-salud-en-bogota-dc-C14DE26903F364CA61373E686DCF3405#lc=ListOffers-Score4-15
2026-02-09T20:11:32.194678,Postulado,Desarrollador preventa de consumo masivo,,"software, frontend",False,,,,https://www.computrabajo.com.co/ofertas-de-trabajo/oferta-de-trabajo-de-desarrollador-preventa-de-consumo-masivo-en-bogota-dc-E198DE19A44177E961373E686DCF3405#lc=ListOffers-Score4-16
2026-02-09T20:11:35.247024,Se precisa Urgente,Lider comercial/Supervisor/ Desarrollador de canal/ Superetes/ mayoristas/ distribuidores/ Bogota,Empleo destacado,,False,,37,,https://www.computrabajo.com.co/ofertas-de-trabajo/oferta-de-trabajo-de-lider-comercialsupervisor-desarrollador-de-canal-superetes-mayoristas-distribuidores-bogota-seleccion-y-contratacion-inmediata-en-bogota-dc-3453C57CF75162D461373E686DCF3405#lc=ListOffers-Score4-17
2026-02-09T20:11:38.256875,Postulado,Desarrollador/a  Negociador Comercial,,,False,,1,,https://www.computrabajo.com.co/ofertas-de-trabajo/oferta-de-trabajo-de-desarrolladora-negociador-comercial-de-mercados-en-barranquilla-D3E5F54FB81DDA4E61373E686DCF3405#lc=ListOffers-Score4-18
2026-02-09T20:11:40.980078,Postulado,Desarrollador de Nuevos Negocios,,software,False,,4,,https://www.computrabajo.com.co/ofertas-de-trabajo/oferta-de-trabajo-de-desarrollador-de-nuevos-negocios-comercial-multisectorial-en-bogota-dc-4DCFB57E6C14E10161373E686DCF3405#lc=ListOffers-Score4-19
2026-02-09T20:11:48.489416,Postulado,Tornero Programador CNC // Contratación inmediata,,,False,,3,,https://www.computrabajo.com.co/ofertas-de-trabajo/oferta-de-trabajo-de-tornero-programador-cnc-contratacion-inmediata-en-bucaramanga-8A7145BE9E4ACB5D61373E686DCF3405#lc=ListOffers-Score4-0
2026-02-09T20:11:51.167666,Postulado,Desarrollador II,,"java, sql, software, backend, frontend",False,,4,,https://www.computrabajo.com.co/ofertas-de-trabajo/oferta-de-trabajo-de-desarrollador-ii-exp-desarrollo-en-lenguaje-java-en-bogota-dc-3731A2110D30A0B461373E686DCF3405#lc=ListOffers-Score4-1
2026-02-09T20:11:53.989365,Se precisa Urgente,Desarrollador/a Full Stack,Empleo destacado,"python, react, node, software, backend, frontend",False,,,,https://www.computrabajo.com.co/ofertas-de-trabajo/oferta-de-trabajo-de-desarrolladora-full-stack-en-cali-9A71CA4F5850584A61373E686DCF3405#lc=ListOffers-Score4-2
2026-02-09T20:11:56.769313,Empleo destacado,Programador de ruta,Postulado,,False,,,,https://www.computrabajo.com.co/ofertas-de-trabajo/oferta-de-trabajo-de-programador-de-ruta-gestor-operativo-en-bogota-dc-70C60CEBD6F9135B61373E686DCF3405#lc=ListOffers-Score4-3
2026-02-09T20:11:59.471623,Postulado,Desarrollador Fullstack Bilingüe 48205,,"java, sql, cloud, aws, react, software, frontend",True,,3,required,https://www.computrabajo.com.co/ofertas-de-trabajo/oferta-de-trabajo-de-desarrollador-fullstack-bilingue-48205-remoto-en-medellin-9F08FA59CCA4F03A61373E686DCF3405#lc=ListOffers-Score4-4
2026-02-09T20:12:02.201837,Postulado,Desarrollador Fullstack 47787,,"python, software, backend, frontend",False,,3,,https://www.computrabajo.com.co/ofertas-de-trabajo/oferta-de-trabajo-de-desarrollador-fullstack-47787-bogota-en-bogota-dc-5B812784577EFACE61373E686DCF3405#lc=ListOffers-Score4-5
2026-02-09T20:12:04.854648,Empleo destacado,Desarrollador Full Stack – Junior,Postulado,"java, sql, docker, react, node, software, backend, frontend",False,junior,6,,https://www.computrabajo.com.co/ofertas-de-trabajo/oferta-de-trabajo-de-desarrollador-full-stack-junior-bogota-en-bogota-dc-AE6CED42E91F15D061373E686DCF3405#lc=ListOffers-Score4-6
2026-02-09T20:12:07.520754,Se precisa Urgente,Programador de producción para sector metalmecánico,Postulado,,False,,2,,https://www.computrabajo.com.co/ofertas-de-trabajo/oferta-de-trabajo-de-programador-de-produccion-para-sector-metalmecanico-en-medellin-2E028F0CCB6DFEE561373E686DCF3405#lc=ListOffers-Score4-7
2026-02-09T20:12:10.181333,Postulado,Desarrollador Full Stack,,"java, docker, react, node, software, backend, frontend",False,,3,,https://www.computrabajo.com.co/ofertas-de-trabajo/oferta-de-trabajo-de-desarrollador-full-stack-bucaramanga-en-bucaramanga-437D1BADA9F9F69B61373E686DCF3405#lc=ListOffers-Score4-8
2026-02-09T20:12:12.863600,Empleo destacado,Desarrollador/a de Software sector salud,Postulado,"java, docker, react, node, software, backend, frontend",False,,3,,https://www.computrabajo.com.co/ofertas-de-trabajo/oferta-de-trabajo-de-desarrolladora-de-software-sector-salud-bucaramanga-en-bucaramanga-573895840799135261373E686DCF3405#lc=ListOffers-Score4-9
2026-02-09T20:12:15.503550,Postulado,Analista programador full stack,,"sql, react, software, frontend",False,,2,,https://www.computrabajo.com.co/ofertas-de-trabajo/oferta-de-trabajo-de-analista-programador-full-stack-medellin-en-medellin-67004CF204A53DF361373E686DCF3405#lc=ListOffers-Score4-10
2026-02-09T20:12:18.221337,Postulado,desarrollador full stack / sistemas,,"python, java, sql, cloud, aws, azure, docker, react, node, software, frontend",False,,2,,https://www.computrabajo.com.co/ofertas-de-trabajo/oferta-de-trabajo-de-desarrollador-full-stack-sistemas-bogota-en-bogota-dc-E121A20710E77ED661373E686DCF3405#lc=ListOffers-Score4-11
2026-02-09T20:12:20.896461,Postulado,programador de bordado (Wilcom/textil),,"software, frontend",False,,,,https://www.computrabajo.com.co/ofertas-de-trabajo/oferta-de-trabajo-de-programador-de-bordado-wilcomtextil-en-bogota-dc-D6C10AD2E4D49FED61373E686DCF3405#lc=ListOffers-Score4-12
2026-02-09T20:12:24.038371,Postulado,Programador de turnos,,,False,,,required,https://www.computrabajo.com.co/ofertas-de-trabajo/oferta-de-trabajo-de-programador-de-turnos-vigilantes-en-manizales-D6E124C8A549BBC961373E686DCF3405#lc=ListOffers-Score4-13
2026-02-09T20:12:26.808305,Postulado,desarrollador software,,"docker, software, frontend",True,,4,,https://www.computrabajo.com.co/ofertas-de-trabajo/oferta-de-trabajo-de-desarrollador-software-fronted-senior-en-bogota-dc-BE3D07A81852AB8F61373E686DCF3405#lc=ListOffers-Score4-14
2026-02-09T20:12:29.920195,Se precisa Urgente,Desarrollador de mercado canal moderno,Empleo destacado,,False,,2,,https://www.computrabajo.com.co/ofertas-de-trabajo/oferta-de-trabajo-de-desarrollador-de-mercado-canal-moderno-supermercados-independientes-en-bogota-dc-DF3D031C1F32166061373E686DCF3405#lc=ListOffers-Score4-15
2026-02-09T20:12:33.327120,Postulado,desarrollador software,,"python, sql, docker, node, software, backend, frontend",True,,4,,https://www.computrabajo.com.co/ofertas-de-trabajo/oferta-de-trabajo-de-desarrollador-software-backend-senior-en-bogota-dc-ADFFFCC9FF3C461E61373E686DCF3405#lc=ListOffers-Score4-16
2026-02-09T20:12:36.038437,Postulado,Desarrollador Full Stack,,"software, backend, frontend",True,,2,,https://www.computrabajo.com.co/ofertas-de-trabajo/oferta-de-trabajo-de-desarrollador-full-stack-en-bucaramanga-189B7D3A78884E1161373E686DCF3405#lc=ListOffers-Score4-17
2026-02-09T20:12:39.034368,Postulado,Programador/a,,"sql, cloud, node, software, backend, frontend",True,,,,https://www.computrabajo.com.co/ofertas-de-trabajo/oferta-de-trabajo-de-programadora-experiencia-al-menos-1-ano-en-bogota-dc-08FC010B84946FF361373E686DCF3405#lc=ListOffers-Score4-18
2026-02-09T20:12:41.904622,Postulado,Desarrollador de ventas,,"support, software",True,,2,,https://www.computrabajo.com.co/ofertas-de-trabajo/oferta-de-trabajo-de-desarrollador-de-ventas-en-bogota-dc-E8374E9721CBCF6461373E686DCF3405#lc=ListOffers-Score4-19
2026-02-09T21:04:47.600291,Se precisa Urgente,Ingeniero/a de desarrollo de Software Líder,Empleo destacado,"java, sql, software",True,,5,,https://www.computrabajo.com.co/ofertas-de-trabajo/oferta-de-trabajo-de-ingenieroa-de-desarrollo-de-software-lider-bogota-en-bogota-dc-B24499F7009F429861373E686DCF3405#lc=ListOffers-Score4-0
2026-02-09T21:04:50.324327,Postulado,Ingeniero de Sistemas,,software,True,,2,required,https://www.computrabajo.com.co/ofertas-de-trabajo/oferta-de-trabajo-de-ingeniero-de-sistemas-experiencia-en-desarrollo-de-software-en-funza-DD67104D42AD67A261373E686DCF3405#lc=ListOffers-Score4-1
2026-02-09T21:04:53.122395,Postulado,Desarrollador De Software/ Ingeniero De Software,,"sql, software, backend",False,,7,,https://www.computrabajo.com.co/ofertas-de-trabajo/oferta-de-trabajo-de-desarrollador-de-software-ingeniero-de-software-chia-en-chia-365910B0E2279FCC61373E686DCF3405#lc=ListOffers-Score4-2
2026-02-09T21:04:55.900909,Se precisa Urgente,Ingeniero de Sistemas y Desarrollo de Software,Empleo destacado,"python, sql, software",False,,3,,https://www.computrabajo.com.co/ofertas-de-trabajo/oferta-de-trabajo-de-ingeniero-de-sistemas-y-desarrollo-de-software-en-medellin-5B62C148BFB69C1061373E686DCF3405#lc=ListOffers-Score4-3
2026-02-09T21:05:00.085537,Postulado,Software Integration Engineer,,"python, java, sql, cloud, aws, azure, support, software",True,,5,required,https://www.computrabajo.com.co/ofertas-de-trabajo/oferta-de-trabajo-de-software-integration-engineer-en-bogota-dc-266F94AE04799B4661373E686DCF3405#lc=ListOffers-Score4-4
2026-02-09T21:05:02.942202,Postulado,Software Integration Engineer,,"python, java, sql, support, software, backend",True,,4,required,https://www.computrabajo.com.co/ofertas-de-trabajo/oferta-de-trabajo-de-software-integration-engineer-sqlinux-and-etl-en-bogota-dc-149AA92CE977573961373E686DCF3405#lc=ListOffers-Score4-5
2026-02-09T21:05:05.639209,Postulado,Ingeniero de Software con IA (Backend / Fullstack),,"python, sql, node, software, backend",False,,4,,https://www.computrabajo.com.co/ofertas-de-trabajo/oferta-de-trabajo-de-disenador-grafico-en-bogota-dc-A70DE97210456C9F61373E686DCF3405#lc=ListOffers-Score4-6
2026-02-09T21:05:08.369125,Postulado,"Profesor área técnica (Ingeniero o tecnólogo en sistemas, desarrollo software, electrónica)/Palmira",,"python, java, software, backend",False,,,,https://www.computrabajo.com.co/ofertas-de-trabajo/oferta-de-trabajo-de-profesor-area-tecnica-ingeniero-o-tecnologo-en-sistemas-desarrollo-software-electronicapalmira-380228156034-en-palmira-1F01D355CD303D3F61373E686DCF3405#lc=ListOffers-Score4-7
2026-02-09T21:05:11.070813,Empleo destacado,Java Software Engineer,Postulado,"java, sql, aws, azure, react, support, software, backend, frontend",True,,3,required,https://www.computrabajo.com.co/ofertas-de-trabajo/oferta-de-trabajo-de-java-software-engineer-advanced-english-level-en-bogota-dc-D8DA0EC1B70B306861373E686DCF3405#lc=ListOffers-Score4-8
2026-02-09T21:05:13.823520,Se precisa Urgente,Lead Software Engineer/ Senior C# Developer,Empleo destacado,"java, sql, cloud, react, support, software, frontend",False,senior,5,required,https://www.computrabajo.com.co/ofertas-de-trabajo/oferta-de-trabajo-de-lead-software-engineer-senior-c-developer-fullstackbilingual-en-medellin-469D6E951D0A15C861373E686DCF3405#lc=ListOffers-Score4-9
2026-02-09T21:05:16.537427,Empleo destacado,"Profesor área técnica (Ingeniero o tecnólogo en sistemas, desarrollo de software, electrónica)/Tuluá",Postulado,"python, java, software",False,,2,,https://www.computrabajo.com.co/ofertas-de-trabajo/oferta-de-trabajo-de-profesor-area-tecnica-ingeniero-o-tecnologo-en-sistemas-desarrollo-de-software-electronicatulua-162630300542-en-tulua-A4C8BA6829FD8E4E61373E686DCF3405#lc=ListOffers-Score4-10
2026-02-09T21:05:19.206538,Empleo destacado,Desarrollador .NET,Postulado,"software, backend",True,,3,,https://www.computrabajo.com.co/ofertas-de-trabajo/oferta-de-trabajo-de-desarrollador-net-ingeniero-de-software-en-bucaramanga-3A3F9C3650A94F2F61373E686DCF3405#lc=ListOffers-Score4-11
2026-02-09T21:05:23.703159,Postulado,Ingeniero de Desarrollador de Software IT,,"software, backend",True,,2,,https://www.computrabajo.com.co/ofertas-de-trabajo/oferta-de-trabajo-de-ingeniero-de-desarrollador-de-software-it-fontibon-san-jose-en-bogota-dc-C6A668D85637D5E961373E686DCF3405#lc=ListOffers-Score4-12
2026-02-09T21:05:26.503443,Se precisa Urgente,Ingeniero de Software Legal y de Riesgos,Empleo destacado,"java, sql, azure, software",True,,5,required,https://www.computrabajo.com.co/ofertas-de-trabajo/oferta-de-trabajo-de-ingeniero-de-software-legal-y-de-riesgos-remoto-en-bogota-dc-8BC8E8BC92F621D861373E686DCF3405#lc=ListOffers-Score4-13
2026-02-09T21:05:29.407930,Postulado,"Docente: Ingeniero de Sistemas, Informática, Software y áreas afines",,"python, sql, cloud, software",False,,3,required,https://www.computrabajo.com.co/ofertas-de-trabajo/oferta-de-trabajo-de-docente-ingeniero-de-sistemas-informatica-software-y-areas-afines-medio-tiempo-magister-en-medellin-585B6D30E52BE82C61373E686DCF3405#lc=ListOffers-Score4-14
2026-02-09T21:05:32.098244,Postulado,Ingeniero de Desarrollo,,"python, java, sql, azure, react, node, software, backend",True,,5,required,https://www.computrabajo.com.co/ofertas-de-trabajo/oferta-de-trabajo-de-ingeniero-de-desarrollo-software-en-cali-63AD90E268787EB461373E686DCF3405#lc=ListOffers-Score4-15
2026-02-09T21:05:34.857418,Postulado,"Senior Software Engineer, Supply Chain Tech",,"python, java, cloud, aws, react, node, support, software, backend, frontend",True,senior,5,required,https://www.computrabajo.com.co/ofertas-de-trabajo/oferta-de-trabajo-de-senior-software-engineer-supply-chain-tech-en-bogota-dc-F6DD9E9561E1A9AA61373E686DCF3405#lc=ListOffers-Score4-16
2026-02-09T21:05:38.535342,Postulado,Ingeniero de software,,"python, sql, azure, software",False,,2,,https://www.computrabajo.com.co/ofertas-de-trabajo/oferta-de-trabajo-de-ingeniero-de-software-ibague-en-ibague-76C7063950FF4F1F61373E686DCF3405#lc=ListOffers-Score4-17
2026-02-09T21:05:41.211623,Empleo destacado,Desarrollador .NET,Postulado,"node, software, backend",True,,3,,https://www.computrabajo.com.co/ofertas-de-trabajo/oferta-de-trabajo-de-desarrollador-net-ingeniero-de-software-en-bucaramanga-283B404F2A9ABF3161373E686DCF3405#lc=ListOffers-Score4-18
2026-02-09T21:05:43.942888,Empleo destacado,Desarrollador .NET,Postulado,"node, software, backend",True,,3,,https://www.computrabajo.com.co/ofertas-de-trabajo/oferta-de-trabajo-de-desarrollador-net-ingeniero-de-software-en-bucaramanga-7CDF7FEF3D3EF90961373E686DCF3405#lc=ListOffers-Score4-19
2026-02-09T21:05:51.668488,Postulado,Ingeniero de Desarrollo .NET,,"java, sql, software",True,,35,,https://www.computrabajo.com.co/ofertas-de-trabajo/oferta-de-trabajo-de-ingeniero-de-desarrollo-net-software-erp-contable-y-produccion-en-bogota-dc-460CF25B67CE64A361373E686DCF3405#lc=ListOffers-Score4-0
2026-02-09T21:05:54.451518,Postulado,Analista QA Automation,,"python, java, sql, aws, azure, software",False,,2,,https://www.computrabajo.com.co/ofertas-de-trabajo/oferta-de-trabajo-de-analista-qa-automation-floridablanca-en-floridablanca-B1885C47D29B655161373E686DCF3405#lc=ListOffers-Score3-1
2026-02-09T21:05:57.185606,Postulado,Cloud Support Engineer,,"python, java, sql, cloud, aws, security, support, software, backend",True,,4,required,https://www.computrabajo.com.co/ofertas-de-trabajo/oferta-de-trabajo-de-cloud-support-engineer-aws-sql-java-en-bogota-dc-9AB767D6E4285F4A61373E686DCF3405#lc=ListOffers-Score3-2
2026-02-09T21:05:59.926737,Se precisa Urgente,Desktop Engineer II Bogotá,Empleo destacado,software,False,,30,required,https://www.computrabajo.com.co/ofertas-de-trabajo/oferta-de-trabajo-de-desktop-engineer-ii-bogota-en-bogota-dc-888DCBCA621D2B4261373E686DCF3405#lc=ListOffers-Score3-3
2026-02-09T21:06:02.665384,Postulado,Quality Assurance Engineer Sr,,"java, software",True,,3,,https://www.computrabajo.com.co/ofertas-de-trabajo/oferta-de-trabajo-de-quality-assurance-engineer-sr-remoto-en-bogota-dc-11DAADFF0DAF10DB61373E686DCF3405#lc=ListOffers-Score3-4
2026-02-09T21:06:05.367163,Postulado,Endpoint Engineer,,"security, support, software",False,,3,required,https://www.computrabajo.com.co/ofertas-de-trabajo/oferta-de-trabajo-de-endpoint-engineer-en-medellin-C30DF587CF9AD30061373E686DCF3405#lc=ListOffers-Score3-5
2026-02-09T21:06:08.123844,Postulado,Service Provider Networking Engineer,,"cloud, support, software",True,,,required,https://www.computrabajo.com.co/ofertas-de-trabajo/oferta-de-trabajo-de-service-provider-networking-engineer-advanced-english-and-german-en-barranquilla-49A37AF4B5D6937F61373E686DCF3405#lc=ListOffers-Score3-6
2026-02-09T21:06:10.817479,Postulado,Backend Engineer,,"python, sql, cloud, aws, react, node, support, software, backend, frontend",True,,3,,https://www.computrabajo.com.co/ofertas-de-trabajo/oferta-de-trabajo-de-backend-engineer-bilingue-ingles-en-bogota-dc-5A465D8B09D394D061373E686DCF3405#lc=ListOffers-Score3-7
2026-02-09T21:06:13.820649,Empleo destacado,Technology Teacher,Postulado,software,False,,2,required,https://www.computrabajo.com.co/ofertas-de-trabajo/oferta-de-trabajo-de-technology-teacher-docente-de-tecnologia-y-robotica-en-bogota-dc-2AF8845FC95A9C1061373E686DCF3405#lc=ListOffers-Score3-8
2026-02-09T21:06:16.590345,Empleo destacado,Associate Technical Support Engineer,Postulado,"java, sql, support, software",True,,,required,https://www.computrabajo.com.co/ofertas-de-trabajo/oferta-de-trabajo-de-associate-technical-support-engineer-advanced-english-level-en-bogota-dc-A6B37780F1EFC2D661373E686DCF3405#lc=ListOffers-Score3-9
2026-02-09T21:06:19.262129,Postulado,Líder DevOps y QA,,"python, cloud, aws, azure, docker, kubernetes, software",False,,5,,https://www.computrabajo.com.co/ofertas-de-trabajo/oferta-de-trabajo-de-lider-devops-y-qa-floridablanca-en-bucaramanga-43C23F739607DC9561373E686DCF3405#lc=ListOffers-Score3-10
2026-02-09T21:06:22.536609,Postulado,Desarrollador React / .Net,,"java, kubernetes, react, software, backend, frontend",True,,7,required,https://www.computrabajo.com.co/ofertas-de-trabajo/oferta-de-trabajo-de-desarrollador-react-net-bilingue-en-bogota-dc-6FE8B678D7A248BE61373E686DCF3405#lc=ListOffers-Score3-11
2026-02-09T21:06:26.093085,Postulado,Lead DevOps Engineer,,"python, cloud, aws, software, backend",True,manager,5,required,https://www.computrabajo.com.co/ofertas-de-trabajo/oferta-de-trabajo-de-lead-devops-engineer-remote-usd-payment-expert-in-aws-and-terraform-en-bogota-dc-FD1D7F6E8EC690FC61373E686DCF3405#lc=ListOffers-Score3-12
2026-02-09T21:06:29.730546,Postulado,Backend Engineer,,"python, sql, cloud, aws, react, node, support, software, backend, frontend",True,,,,https://www.computrabajo.com.co/ofertas-de-trabajo/oferta-de-trabajo-de-backend-engineer-en-bogota-dc-A25815AE1BC588DE61373E686DCF3405#lc=ListOffers-Score3-13
2026-02-09T21:06:32.680391,Se precisa Urgente,Senior Machine Learning Engineer,Empleo destacado,"python, sql, cloud, azure, security, support, software",True,senior,5,required,https://www.computrabajo.com.co/ofertas-de-trabajo/oferta-de-trabajo-de-senior-machine-learning-engineer-remote-en-bogota-dc-82C27D42E351E27861373E686DCF3405#lc=ListOffers-Score3-14
2026-02-09T21:06:35.614257,Se precisa Urgente,qa engineer,Empleo destacado,"java, docker, node, software",True,,2,required,https://www.computrabajo.com.co/ofertas-de-trabajo/oferta-de-trabajo-de-qa-engineer-cypress-k6-automation-en-medellin-286F2662994F51DD61373E686DCF3405#lc=ListOffers-Score3-15
2026-02-09T21:06:38.518113,Postulado,Ingeniero de Homologación (Test Engineer),,software,False,,2,required,https://www.computrabajo.com.co/ofertas-de-trabajo/oferta-de-trabajo-de-ingeniero-de-homologacion-test-engineer-en-bogota-dc-F55702CA5CCD183C61373E686DCF3405#lc=ListOffers-Score3-16
2026-02-09T21:06:41.219563,Se precisa Urgente,Desarrollador/a Fullstack Java y Angular,Postulado,"java, sql, aws, node, software, backend, frontend",False,,3,,https://www.computrabajo.com.co/ofertas-de-trabajo/oferta-de-trabajo-de-desarrolladora-fullstack-java-y-angular-presencial-en-bogota-dc-B24FB855723507A561373E686DCF3405#lc=ListOffers-Score3-17
2026-02-09T21:06:44.102148,Postulado,principal devops and integration engineer,,"sql, cloud, azure, security, support, software",True,,5,required,https://www.computrabajo.com.co/ofertas-de-trabajo/oferta-de-trabajo-de-principal-devops-and-integration-engineer-en-bogota-dc-E503F69F55C999A661373E686DCF3405#lc=ListOffers-Score3-18
2026-02-09T21:06:46.924092,Postulado,Desarrollador React / .Net,,"java, kubernetes, react, software, backend, frontend",True,,7,required,https://www.computrabajo.com.co/ofertas-de-trabajo/oferta-de-trabajo-de-desarrollador-react-net-bilingue-en-bogota-dc-C6498C03F1FDCE1561373E686DCF3405#lc=ListOffers-Score3-19
2026-02-09T21:06:54.591020,Postulado,ingeniero bim,,"cloud, software",False,,3,,https://www.computrabajo.com.co/ofertas-de-trabajo/oferta-de-trabajo-de-ingeniero-bim-en-medellin-E1988C0F385B0A4961373E686DCF3405#lc=ListOffers-Score0-0
2026-02-09T21:06:57.293828,Postulado,Ingeniero de sistemas Soporte SAP B1 / Madrid Cundinamarca,,"support, software",False,,5,,https://www.computrabajo.com.co/ofertas-de-trabajo/oferta-de-trabajo-de-ingeniero-de-sistemas-soporte-sap-b1-madrid-cundinamarca-en-madrid-202F90204BC7EF7B61373E686DCF3405#lc=ListOffers-Score0-1
2026-02-09T21:07:00.015968,Postulado,Analista de gestión de bases de datos para personas con y sin discapacidad,,software,False,,,,https://www.computrabajo.com.co/ofertas-de-trabajo/oferta-de-trabajo-de-analista-de-gestion-de-bases-de-datos-para-personas-con-y-sin-discapacidad-en-envigado-A606CC4C028B09F161373E686DCF3405#lc=ListOffers-Score0-2
2026-02-09T21:07:02.798172,Se precisa Urgente,Líder de Calidad de Software QA,Empleo destacado,"azure, software",True,,5,required,https://www.computrabajo.com.co/ofertas-de-trabajo/oferta-de-trabajo-de-lider-de-calidad-de-software-qa-en-bogota-dc-1D942028D5F15FC561373E686DCF3405#lc=ListOffers-Score0-3
2026-02-09T21:07:05.481575,Postulado,Estudiante de Ingeniería de Sistemas con habilidades comerciales,,software,False,,2,,https://www.computrabajo.com.co/ofertas-de-trabajo/oferta-de-trabajo-de-estudiante-de-ingenieria-de-sistemas-con-habilidades-comerciales-en-bogota-dc-FAD778D4CA1FB94A61373E686DCF3405#lc=ListOffers-Score0-4
2026-02-09T21:07:08.210857,Postulado,Analista de Requerimientos y Necesidades del Cliente,,software,True,,2,required,https://www.computrabajo.com.co/ofertas-de-trabajo/oferta-de-trabajo-de-analista-de-requerimientos-y-necesidades-del-cliente-en-bogota-dc-55FD0CEEB2218B2B61373E686DCF3405#lc=ListOffers-Score0-5
2026-02-09T21:07:10.940324,Postulado,Ingeniero de Diseño de Producto,,software,False,,2,,https://www.computrabajo.com.co/ofertas-de-trabajo/oferta-de-trabajo-de-ingeniero-de-diseno-de-producto-en-la-estrella-5D06A2EF7D9746A961373E686DCF3405#lc=ListOffers-Score0-6
2026-02-09T21:07:13.860650,Empleo destacado,Desarrollador Full Stack/profesional en ingeniería de sistemas/Desarrollador de software/Bogotá,Postulado,"sql, node, software, backend, frontend",False,,3,,https://www.computrabajo.com.co/ofertas-de-trabajo/oferta-de-trabajo-de-desarrollador-full-stackprofesional-en-ingenieria-de-sistemasdesarrollador-de-softwarebogota-en-bogota-dc-C43D75F9234111B361373E686DCF3405#lc=ListOffers-Score0-7
2026-02-09T21:07:16.649291,Se precisa Urgente,Tecnólogo o Ingeniero Mecánico con experiencia en Autodesk Inventor,Postulado,software,False,,3,,https://www.computrabajo.com.co/ofertas-de-trabajo/oferta-de-trabajo-de-tecnologo-o-ingeniero-mecanico-con-experiencia-en-autodesk-inventor-mosquera-cundinamarca-en-mosquera-87622FA0748CE15F61373E686DCF3405#lc=ListOffers-Score0-8
2026-02-09T21:07:19.340344,Se precisa Urgente,Practicante en Ingeniería de Sistemas o en Ingeniería en Seguridad Informática,Empleo destacado,software,False,,,required,https://www.computrabajo.com.co/ofertas-de-trabajo/oferta-de-trabajo-de-practicante-en-ingenieria-de-sistemas-o-en-ingenieria-en-seguridad-informatica-en-bogota-dc-7F0C0FF0F2137DFA61373E686DCF3405#lc=ListOffers-Score0-9
2026-02-09T21:07:22.199523,Postulado,Auxiliar de compras,,software,False,,2,,https://www.computrabajo.com.co/ofertas-de-trabajo/oferta-de-trabajo-de-auxiliar-de-compras-en-cali-8291D53B9454CFE761373E686DCF3405#lc=ListOffers-Score0-10
2026-02-09T21:07:25.013659,Postulado,Ingeniero Químico,,software,False,,9,,https://www.computrabajo.com.co/ofertas-de-trabajo/oferta-de-trabajo-de-ingeniero-quimico-villavicencio-en-villavicencio-B116E42AA00AE69A61373E686DCF3405#lc=ListOffers-Score0-11
2026-02-09T21:07:28.268960,Postulado,Ingeniero de Soporte,,"sql, support, software",False,,2,,https://www.computrabajo.com.co/ofertas-de-trabajo/oferta-de-trabajo-de-ingeniero-de-soporte-en-piedecuesta-0865EB62AE59971F61373E686DCF3405#lc=ListOffers-Score0-12
2026-02-09T21:07:30.960658,Se precisa Urgente,Programador cnc,Empleo destacado,software,False,,2,,https://www.computrabajo.com.co/ofertas-de-trabajo/oferta-de-trabajo-de-programador-cnc-en-tocancipa-A02842C626A3E10461373E686DCF3405#lc=ListOffers-Score0-13
2026-02-09T21:07:35.333376,Postulado,Ingeniero de Sistemas  Soporte e implementación,,"support, software",False,,3,,https://www.computrabajo.com.co/ofertas-de-trabajo/oferta-de-trabajo-de-ingeniero-de-sistemas-soporte-e-implementacion-contratacion-inmediata-urgente-en-bogota-dc-2B970663F50AF9FB61373E686DCF3405#lc=ListOffers-Score0-14
2026-02-09T21:07:38.319073,Postulado,"Ingeniero Proyectista, EXP Metalmecánica",,software,False,,3,,https://www.computrabajo.com.co/ofertas-de-trabajo/oferta-de-trabajo-de-ingeniero-proyectista-exp-metalmecanica-bogota-dc-en-bogota-dc-0D3AA5CC8F3ABE4E61373E686DCF3405#lc=ListOffers-Score0-15
2026-02-09T21:07:41.208084,Postulado,Ingeniero de Redes LAN y Cisco ACI,,"java, software",False,,4,,https://www.computrabajo.com.co/ofertas-de-trabajo/oferta-de-trabajo-de-ingeniero-de-redes-lan-y-cisco-aci-presencial-en-bogota-en-bogota-dc-4142ED7B377D0A2061373E686DCF3405#lc=ListOffers-Score0-16
2026-02-09T21:07:43.988408,Postulado,"Ingeniero civil, experiencia en estructura  Palmira",,software,False,,5,,https://www.computrabajo.com.co/ofertas-de-trabajo/oferta-de-trabajo-de-ingeniero-civil-experiencia-en-estructura-palmira-en-palmira-BC989D9ECE91B84461373E686DCF3405#lc=ListOffers-Score0-17
2026-02-09T21:07:46.670602,Postulado,Ingeniero DevOps,,"cloud, aws, azure, react, software, backend",True,,3,,https://www.computrabajo.com.co/ofertas-de-trabajo/oferta-de-trabajo-de-ingeniero-devops-en-medellin-CE3DCD1DF3C1333661373E686DCF3405#lc=ListOffers-Score0-18
2026-02-09T21:07:49.609257,Postulado,Ingeniero de preventa senior  (VoIP/Telecom) / remoto,,"java, cloud, aws, software",True,senior,5,,https://www.computrabajo.com.co/ofertas-de-trabajo/oferta-de-trabajo-de-ingeniero-de-preventa-senior-voiptelecom-remoto-bogota-en-bogota-dc-3C3C8B5D1C022B3F61373E686DCF3405#lc=ListOffers-Score0-19
2026-02-09T21:15:49.898112,Postulado,Analista de Operaciones / Enfoque en Análisis de Datos,,,False,,35,,https://www.computrabajo.com.co/ofertas-de-trabajo/oferta-de-trabajo-de-analista-de-operaciones-enfoque-en-analisis-de-datos-en-bogota-dc-3C7912A8B06A08A861373E686DCF3405#lc=ListOffers-Score4-0
2026-02-09T21:15:52.691605,Postulado,Analista de gestión de bases de datos para personas con y sin discapacidad,,software,False,,,,https://www.computrabajo.com.co/ofertas-de-trabajo/oferta-de-trabajo-de-analista-de-gestion-de-bases-de-datos-para-personas-con-y-sin-discapacidad-en-envigado-D19B383E3AF868AD61373E686DCF3405#lc=ListOffers-Score4-1
2026-02-09T21:15:55.538987,Empleo destacado,Analista de Datos,Postulado,cloud,True,,2,,https://www.computrabajo.com.co/ofertas-de-trabajo/oferta-de-trabajo-de-analista-de-datos-logistica-en-cali-BCA796400736E3E361373E686DCF3405#lc=ListOffers-Score4-2
2026-02-09T21:15:58.329818,Postulado,Analista de Datos,,software,False,,3,,https://www.computrabajo.com.co/ofertas-de-trabajo/oferta-de-trabajo-de-analista-de-datos-de-la-informacion-en-medellin-06A9217D8EE7FE1C61373E686DCF3405#lc=ListOffers-Score4-3
2026-02-09T21:16:01.103794,Postulado,Analista de gestión de bases de datos para personas con y sin discapacidad,,software,False,,,,https://www.computrabajo.com.co/ofertas-de-trabajo/oferta-de-trabajo-de-analista-de-gestion-de-bases-de-datos-para-personas-con-y-sin-discapacidad-en-envigado-A606CC4C028B09F161373E686DCF3405#lc=ListOffers-Score4-4
2026-02-09T21:16:03.960828,Se precisa Urgente,Analista de Datos,Empleo destacado,"python, sql, cloud",False,,3,,https://www.computrabajo.com.co/ofertas-de-trabajo/oferta-de-trabajo-de-analista-de-datos-en-palmira-BCA07832CDF80BD561373E686DCF3405#lc=ListOffers-Score4-5
2026-02-09T21:16:12.916431,Postulado,Analista de modelamiento de datos,,,True,,2,,https://www.computrabajo.com.co/ofertas-de-trabajo/oferta-de-trabajo-de-analista-de-modelamiento-de-datos-en-tenjo-072F7E7852249C4661373E686DCF3405#lc=ListOffers-Score4-6
2026-02-09T21:16:15.679007,Postulado,Analista de Servicio al Cliente y Datos,,,True,,,,https://www.computrabajo.com.co/ofertas-de-trabajo/oferta-de-trabajo-de-analista-de-servicio-al-cliente-y-datos-medellin-o-bogota-en-medellin-4A9C5E973DC46CD161373E686DCF3405#lc=ListOffers-Score4-7
2026-02-09T21:16:18.545466,Postulado,Analista Administrativo de datos,,sql,False,,45,,https://www.computrabajo.com.co/ofertas-de-trabajo/oferta-de-trabajo-de-analista-administrativo-de-datos-comercial-en-bogota-dc-E21CE042D51D84A261373E686DCF3405#lc=ListOffers-Score4-8
2026-02-09T21:16:21.477941,Postulado,Analista de Mercadeo / Analistas de datos de CRM,,,False,,20,,https://www.computrabajo.com.co/ofertas-de-trabajo/oferta-de-trabajo-de-analista-de-mercadeo-analistas-de-datos-de-crm-medellin-en-medellin-62625BB4D3843E8C61373E686DCF3405#lc=ListOffers-Score4-9
2026-02-09T21:16:24.193318,Se precisa Urgente,Data Analyst  inmobiliario/constructora/finca raíz,Empleo destacado,,False,,2,,https://www.computrabajo.com.co/ofertas-de-trabajo/oferta-de-trabajo-de-data-analyst-inmobiliarioconstructorafinca-raiz-en-bogota-dc-EAF84115A99D456561373E686DCF3405#lc=ListOffers-Score4-10
2026-02-09T21:16:27.077977,Postulado,Analista de datos manejo de excel area comercial,,,True,,2,,https://www.computrabajo.com.co/ofertas-de-trabajo/oferta-de-trabajo-de-analista-de-datos-manejo-de-excel-area-comercial-empresa-de-alimentos-fontibon-en-bogota-dc-ECF3FF6D0CB6A9E761373E686DCF3405#lc=ListOffers-Score4-11
2026-02-09T21:16:30.072418,Empleo destacado,Analista de Data Sector Inmobiliario,Postulado,,False,,2,,https://www.computrabajo.com.co/ofertas-de-trabajo/oferta-de-trabajo-de-analista-de-data-sector-inmobiliario-en-bogota-dc-1220373EE7E9EB1961373E686DCF3405#lc=ListOffers-Score4-12
2026-02-09T21:16:32.903215,Se precisa Urgente,Analista Riesgo de Información y Datos,Empleo destacado,,True,,66,,https://www.computrabajo.com.co/ofertas-de-trabajo/oferta-de-trabajo-de-analista-riesgo-de-informacion-y-datos-sector-financiero-en-bogota-dc-10F0438E0B12724761373E686DCF3405#lc=ListOffers-Score4-13
2026-02-09T21:16:35.864930,Empleo destacado,Analista de datos junior,Postulado,"sql, software",False,junior,2,,https://www.computrabajo.com.co/ofertas-de-trabajo/oferta-de-trabajo-de-analista-de-datos-junior-medellin-en-medellin-E514AD31BBF168AB61373E686DCF3405#lc=ListOffers-Score4-14
2026-02-09T21:16:39.407089,Se precisa Urgente,Analista de Datos,Empleo destacado,,False,,2,,https://www.computrabajo.com.co/ofertas-de-trabajo/oferta-de-trabajo-de-analista-de-datos-analista-de-informacion-reportes-en-bogota-dc-808712DC31F17FBD61373E686DCF3405#lc=ListOffers-Score4-15
2026-02-09T21:16:43.024664,Empleo destacado,Analista de Métricas y Datos,Postulado,"sql, software",True,,2,,https://www.computrabajo.com.co/ofertas-de-trabajo/oferta-de-trabajo-de-analista-de-metricas-y-datos-calidad-de-datos-uraba-y-bajo-cauca-en-medellin-F4A20D2AC55F47FA61373E686DCF3405#lc=ListOffers-Score4-16
2026-02-09T21:16:46.167545,Postulado,Senior Data Analyst/Bogotá,,"python, sql, software",False,senior,3,,https://www.computrabajo.com.co/ofertas-de-trabajo/oferta-de-trabajo-de-senior-data-analystbogota-en-bogota-dc-C750537A93F3A33E61373E686DCF3405#lc=ListOffers-Score4-17
2026-02-09T21:16:49.660370,Postulado,Analista de datos con manejo,,"python, sql, software",True,,5,,https://www.computrabajo.com.co/ofertas-de-trabajo/oferta-de-trabajo-de-analista-de-datos-con-manejo-power-bi-y-lenguaje-de-programacion-avanzado-en-bogota-dc-A1DD878E237D38B661373E686DCF3405#lc=ListOffers-Score4-18
2026-02-09T21:16:52.517734,Postulado,"Analista de Procesos, Bases, ETL y Datos Junior",,"python, sql, cloud, aws, support, software",False,junior,5,,https://www.computrabajo.com.co/ofertas-de-trabajo/oferta-de-trabajo-de-analista-de-procesos-bases-etl-y-datos-junior-bogota-en-bogota-dc-0F80E56454CCA26961373E686DCF3405#lc=ListOffers-Score4-19
2026-02-09T21:17:02.860361,Postulado,Analista de datos,,,False,,,,https://www.computrabajo.com.co/ofertas-de-trabajo/oferta-de-trabajo-de-analista-de-datos-en-pereira-1BC604AFA200B91061373E686DCF3405#lc=ListOffers-Score4-0
2026-02-09T21:17:07.726812,Postulado,Analista de datos y informacion,,"python, sql",False,,37,,https://www.computrabajo.com.co/ofertas-de-trabajo/oferta-de-trabajo-de-analista-de-datos-y-informacion-en-bogota-dc-42D8A09A6E06A96E61373E686DCF3405#lc=ListOffers-Score4-1
2026-02-09T21:17:14.089024,Se precisa Urgente,Analista de Datos,Postulado,"python, sql, software",False,,2,required,https://www.computrabajo.com.co/ofertas-de-trabajo/oferta-de-trabajo-de-analista-de-datos-bilingue-en-medellin-50F6EF2247DB13A461373E686DCF3405#lc=ListOffers-Score4-2
2026-02-09T21:17:17.003940,Postulado,Analista de Datos Técnicos (Hidrocarburos),,"python, sql",False,,2,,https://www.computrabajo.com.co/ofertas-de-trabajo/oferta-de-trabajo-de-analista-de-datos-tecnicos-hidrocarburos-en-bogota-dc-82FB3A564BD689E861373E686DCF3405#lc=ListOffers-Score4-3
2026-02-09T21:17:19.964955,Postulado,"Analista de Datos SQL, Python",,"python, sql",False,,3,,https://www.computrabajo.com.co/ofertas-de-trabajo/oferta-de-trabajo-de-analista-de-datos-sql-python-bogota-en-bogota-dc-35BBBD1A2AE6421E61373E686DCF3405#lc=ListOffers-Score4-4
2026-02-09T21:17:24.058633,Se precisa Urgente,analista de datos,Postulado,"python, sql",False,,69,,https://www.computrabajo.com.co/ofertas-de-trabajo/oferta-de-trabajo-de-analista-de-datos-base-de-datos-en-bogota-dc-C7FAB0617E82D6CA61373E686DCF3405#lc=ListOffers-Score4-5
2026-02-09T21:17:27.155531,Postulado,Analista de ventas y datos logisticos,,,True,,2,,https://www.computrabajo.com.co/ofertas-de-trabajo/oferta-de-trabajo-de-analista-de-ventas-y-datos-logisticos-ultima-milla-home-d-en-itagui-A66B049F7A7B045F61373E686DCF3405#lc=ListOffers-Score4-6
2026-02-09T21:17:30.569575,Empleo destacado,Analista de inventarios / Analista de datos e inventarios / Latam,Postulado,,False,,40,,https://www.computrabajo.com.co/ofertas-de-trabajo/oferta-de-trabajo-de-analista-de-inventarios-analista-de-datos-e-inventarios-latam-en-siberia-D7C48C1D52556F6761373E686DCF3405#lc=ListOffers-Score4-7
2026-02-09T21:17:34.539375,Postulado,Analista SQL y Gestión de Datos,,"python, java, sql, software, backend",False,,3,,https://www.computrabajo.com.co/ofertas-de-trabajo/oferta-de-trabajo-de-analista-sql-y-gestion-de-datos-en-medellin-2400B396AD3F359361373E686DCF3405#lc=ListOffers-Score4-8
2026-02-09T21:17:37.401829,Se precisa Urgente,Analista de Datos,Postulado,sql,False,,7,,https://www.computrabajo.com.co/ofertas-de-trabajo/oferta-de-trabajo-de-analista-de-datos-en-bogota-dc-E32E2D88E20C37E061373E686DCF3405#lc=ListOffers-Score4-9
2026-02-09T21:17:40.187700,Postulado,analista de datos,,"python, sql, cloud, aws, azure",True,,4,,https://www.computrabajo.com.co/ofertas-de-trabajo/oferta-de-trabajo-de-analista-de-datos-en-bogota-dc-3195653D0FF87F0261373E686DCF3405#lc=ListOffers-Score4-10
2026-02-09T21:17:42.953722,Se precisa Urgente,Analista de Data centros de distribución,Postulado,,False,,2,,https://www.computrabajo.com.co/ofertas-de-trabajo/oferta-de-trabajo-de-analista-de-data-centros-de-distribucion-mosquera-zonas-cercanas-en-mosquera-A59E0B97F3EA8CDB61373E686DCF3405#lc=ListOffers-Score4-11
2026-02-09T21:17:45.734460,Se precisa Urgente,Analista de datos,Postulado,"python, sql",False,,2,,https://www.computrabajo.com.co/ofertas-de-trabajo/oferta-de-trabajo-de-analista-de-datos-sector-bpo-en-barranquilla-062499A57AAF776A61373E686DCF3405#lc=ListOffers-Score4-12
2026-02-09T21:17:48.545787,Postulado,Analista de Datos Tesoreria,,,True,,3,,https://www.computrabajo.com.co/ofertas-de-trabajo/oferta-de-trabajo-de-analista-de-datos-tesoreria-oxohotel-bogota-en-bogota-dc-045723B80AA0E4CA61373E686DCF3405#lc=ListOffers-Score4-13
2026-02-09T21:17:52.121788,Postulado,Analista de datos,,,False,,30,,https://www.computrabajo.com.co/ofertas-de-trabajo/oferta-de-trabajo-de-analista-de-datos-en-bogota-dc-5ADD6EAFDC638F7461373E686DCF3405#lc=ListOffers-Score4-14
2026-02-09T21:17:55.212082,Empleo destacado,Analista senior de datos Norte de Bogotá,Postulado,support,False,senior,3,,https://www.computrabajo.com.co/ofertas-de-trabajo/oferta-de-trabajo-de-analista-senior-de-datos-norte-de-bogota-en-bogota-dc-00EDB4B847430E9F61373E686DCF3405#lc=ListOffers-Score4-15
2026-02-09T21:17:58.076105,Postulado,Analista de datos para el area de EHS,,support,True,,46,,https://www.computrabajo.com.co/ofertas-de-trabajo/oferta-de-trabajo-de-analista-de-datos-para-el-area-de-ehs-en-bogota-dc-24A4C564E6A9F53361373E686DCF3405#lc=ListOffers-Score4-16
2026-02-09T21:18:00.940118,Se precisa Urgente,Analista de datos / control Operativo,Empleo destacado,,False,,30,,https://www.computrabajo.com.co/ofertas-de-trabajo/oferta-de-trabajo-de-analista-de-datos-control-operativo-presencial-alto-dominio-de-excel-en-bogota-dc-8D9265CA0F18538061373E686DCF3405#lc=ListOffers-Score4-17
2026-02-09T21:18:03.785211,Postulado,Data Analyst,,"python, sql, support",False,,2,required,https://www.computrabajo.com.co/ofertas-de-trabajo/oferta-de-trabajo-de-data-analyst-en-bogota-dc-1DBBD6B653DBE20E61373E686DCF3405#lc=ListOffers-Score4-18
2026-02-09T21:18:06.984014,Postulado,Analista Datos Comerciales,,,False,,20,,https://www.computrabajo.com.co/ofertas-de-trabajo/oferta-de-trabajo-de-analista-datos-comerciales-en-envigado-5224F504C57B7A3961373E686DCF3405#lc=ListOffers-Score4-19
2026-02-09T21:18:15.606207,Postulado,Analista de Datos,,sql,False,,2,,https://www.computrabajo.com.co/ofertas-de-trabajo/oferta-de-trabajo-de-analista-de-datos-ingeniero-industrial-en-barranquilla-D400BC55620D179861373E686DCF3405#lc=ListOffers-Score4-0
2026-02-09T21:18:18.587537,Empleo destacado,Analista senior de datos Norte de Bogotá,Postulado,sql,False,senior,3,,https://www.computrabajo.com.co/ofertas-de-trabajo/oferta-de-trabajo-de-analista-senior-de-datos-norte-de-bogota-en-bogota-dc-AAD1A5E5F7399C3B61373E686DCF3405#lc=ListOffers-Score4-1
2026-02-09T21:18:21.424265,Postulado,Analista de Datos,,"python, sql, software",False,,130,,https://www.computrabajo.com.co/ofertas-de-trabajo/oferta-de-trabajo-de-analista-de-datos-en-tenjo-275149EA5FFFB14561373E686DCF3405#lc=ListOffers-Score4-2
2026-02-09T21:18:24.348237,Postulado,Analista Calidad de Datos,,sql,False,,2,,https://www.computrabajo.com.co/ofertas-de-trabajo/oferta-de-trabajo-de-analista-calidad-de-datos-en-bogota-dc-30B3C0551FCD7B6D61373E686DCF3405#lc=ListOffers-Score4-3
2026-02-09T21:18:27.412173,Postulado,Analista Administrativo / Excel Avanzado / Bases de Datos,,,True,,,,https://www.computrabajo.com.co/ofertas-de-trabajo/oferta-de-trabajo-de-analista-administrativo-excel-avanzado-bases-de-datos-en-bogota-dc-A02298CA4EFB286061373E686DCF3405#lc=ListOffers-Score4-4
2026-02-09T21:18:30.723341,Postulado,Analista de datos / Data Analyst / Manizales contratación inmediata,,sql,False,,,,https://www.computrabajo.com.co/ofertas-de-trabajo/oferta-de-trabajo-de-analista-de-datos-data-analyst-manizales-contratacion-inmediata-en-manizales-8253F3AD2831F2EA61373E686DCF3405#lc=ListOffers-Score4-5
2026-02-09T21:18:33.390912,Postulado,Analista de datos bilingue,,python,True,,,required,https://www.computrabajo.com.co/ofertas-de-trabajo/oferta-de-trabajo-de-analista-de-datos-bilingue-en-medellin-7FF0BF76F295A77E61373E686DCF3405#lc=ListOffers-Score4-6
2026-02-09T21:18:36.210346,Postulado,analista de datos junior,,,True,junior,,,https://www.computrabajo.com.co/ofertas-de-trabajo/oferta-de-trabajo-de-analista-de-datos-junior-en-medellin-0E2FB1421D2385CA61373E686DCF3405#lc=ListOffers-Score4-7
2026-02-09T21:18:40.096860,Postulado,Analista de Datos BI AI Data Science,,"sql, cloud",True,,4,,https://www.computrabajo.com.co/ofertas-de-trabajo/oferta-de-trabajo-de-analista-de-datos-bi-ai-data-science-en-bogota-dc-428E419074CE6DD561373E686DCF3405#lc=ListOffers-Score4-8
2026-02-09T21:18:42.919376,Postulado,"Analista junior de datos y reportes,técnico, tecnólogo o profesional Software",,"sql, software",False,junior,,,https://www.computrabajo.com.co/ofertas-de-trabajo/oferta-de-trabajo-de-analista-junior-de-datos-y-reportestecnico-tecnologo-o-profesional-software-experiencia-excel-access-power-bi-y-sql-en-bogota-dc-98F7B78233F4FA3661373E686DCF3405#lc=ListOffers-Score4-9
2026-02-09T21:18:45.724870,Postulado,Analista de datos,,sql,True,,2,,https://www.computrabajo.com.co/ofertas-de-trabajo/oferta-de-trabajo-de-analista-de-datos-en-bogota-dc-DDE8626D72BF667E61373E686DCF3405#lc=ListOffers-Score4-10
2026-02-09T21:18:49.754369,Postulado,"Analista junior de datos y reportes,técnico, tecnólogo Software",,"sql, software",True,junior,,,https://www.computrabajo.com.co/ofertas-de-trabajo/oferta-de-trabajo-de-analista-junior-de-datos-y-reportestecnico-tecnologo-software-experiencia-excel-access-power-bi-y-sql-en-bogota-dc-8DA254D40D3E3E5161373E686DCF3405#lc=ListOffers-Score4-11
2026-02-09T21:18:53.382988,Postulado,Analista junior de datos sector retail,,"sql, software",False,junior,40,,https://www.computrabajo.com.co/ofertas-de-trabajo/oferta-de-trabajo-de-analista-junior-de-datos-sector-retail-en-bogota-dc-2607CAC718ED810E61373E686DCF3405#lc=ListOffers-Score4-12
2026-02-09T21:18:56.990927,Postulado,Analista de datos Tableau,,"sql, software",False,,2,,https://www.computrabajo.com.co/ofertas-de-trabajo/oferta-de-trabajo-de-analista-de-datos-tableau-en-bogota-dc-28C6AACABDD8807D61373E686DCF3405#lc=ListOffers-Score4-13
2026-02-09T21:18:59.804449,Postulado,Analista de Datos Access,,"python, sql",True,,,,https://www.computrabajo.com.co/ofertas-de-trabajo/oferta-de-trabajo-de-analista-de-datos-access-en-bogota-dc-7A388E8A13080B3761373E686DCF3405#lc=ListOffers-Score4-14
2026-02-09T21:19:02.677851,Postulado,Analista de datos,,"python, sql",False,,2,,https://www.computrabajo.com.co/ofertas-de-trabajo/oferta-de-trabajo-de-analista-de-datos-en-bogota-dc-45F4264511735B0D61373E686DCF3405#lc=ListOffers-Score4-15
2026-02-09T21:19:05.537390,Postulado,Analista de Datos Operativos (Posventa),,,False,,43,,https://www.computrabajo.com.co/ofertas-de-trabajo/oferta-de-trabajo-de-analista-de-datos-operativos-posventa-especialista-en-performance-operativo-en-bogota-dc-9D7F00B7614D390961373E686DCF3405#lc=ListOffers-Score4-16
2026-02-09T21:19:08.236122,Se precisa Urgente,"Analista de datos excel avanzado, power Query",Empleo destacado,sql,True,,2,,https://www.computrabajo.com.co/ofertas-de-trabajo/oferta-de-trabajo-de-analista-de-datos-excel-avanzado-power-query-estudiante-ingenieria-sistemas-en-bogota-dc-8CBA1CCCC4BA452261373E686DCF3405#lc=ListOffers-Score4-17
2026-02-09T21:19:10.979686,Postulado,Analista de datos,,,False,,,,https://www.computrabajo.com.co/ofertas-de-trabajo/oferta-de-trabajo-de-analista-de-datos-en-aguazul-D012CF94153D729261373E686DCF3405#lc=ListOffers-Score4-18
2026-02-09T21:19:14.165496,Empleo destacado,Analista financiero / Analista de datos,Postulado,,False,,50,,https://www.computrabajo.com.co/ofertas-de-trabajo/oferta-de-trabajo-de-analista-financiero-analista-de-datos-en-bogota-dc-364F00FBE58716D361373E686DCF3405#lc=ListOffers-Score4-19
2026-02-09T21:21:37.561951,Postulado,Ingeniero Datos,,"python, sql, software",True,,3,,https://www.computrabajo.com.co/ofertas-de-trabajo/oferta-de-trabajo-de-ingeniero-datos-cali-en-cali-2B5BA0EAFE9622E661373E686DCF3405#lc=ListOffers-Score4-0
2026-02-09T21:21:40.307463,Postulado,Ingeniero de Datos,,"python, sql, aws, software",True,,5,,https://www.computrabajo.com.co/ofertas-de-trabajo/oferta-de-trabajo-de-ingeniero-de-datos-experiencia-en-aws-en-bogota-dc-460F9E864B358B7861373E686DCF3405#lc=ListOffers-Score4-1
2026-02-09T21:21:43.007517,Empleo destacado,Data / Analytics Engineer,Postulado,"python, sql, software",False,,4,,https://www.computrabajo.com.co/ofertas-de-trabajo/oferta-de-trabajo-de-data-analytics-engineer-en-bogota-dc-17C41B5D1D4338B861373E686DCF3405#lc=ListOffers-Score4-2
2026-02-09T21:21:45.741054,Postulado,Data Migration Engineer 48157,,"python, sql, aws",True,,5,required,https://www.computrabajo.com.co/ofertas-de-trabajo/oferta-de-trabajo-de-data-migration-engineer-48157-bilingue-en-medellin-A3ABB7D14C77398561373E686DCF3405#lc=ListOffers-Score4-3
2026-02-09T21:21:48.433819,Postulado,Ingeniero de Data 47788,,"python, sql, cloud, aws, azure, software",True,,3,,https://www.computrabajo.com.co/ofertas-de-trabajo/oferta-de-trabajo-de-ingeniero-de-data-47788-hibrido-bogota-en-bogota-dc-59FB4D4126E8F8FC61373E686DCF3405#lc=ListOffers-Score4-4
2026-02-09T21:21:52.259572,Postulado,Ingeniero de datos,,"python, sql, software",True,,2,,https://www.computrabajo.com.co/ofertas-de-trabajo/oferta-de-trabajo-de-ingeniero-de-datos-spark-scala-en-bogota-dc-85437721F0C4C6CA61373E686DCF3405#lc=ListOffers-Score4-5
2026-02-09T21:21:54.973189,Postulado,Analista de Datos,,sql,False,,2,,https://www.computrabajo.com.co/ofertas-de-trabajo/oferta-de-trabajo-de-analista-de-datos-ingeniero-industrial-en-barranquilla-D400BC55620D179861373E686DCF3405#lc=ListOffers-Score4-6
2026-02-09T21:21:57.741304,Postulado,Ingeniero en sistemas o carreras afines de datos 6 años de experiencia en informatica de salud,,,False,,6,,https://www.computrabajo.com.co/ofertas-de-trabajo/oferta-de-trabajo-de-ingeniero-en-sistemas-o-carreras-afines-de-datos-6-anos-de-experiencia-en-informatica-de-salud-en-bogota-dc-4905F2628CD3A5C961373E686DCF3405#lc=ListOffers-Score4-7
2026-02-09T21:22:00.517240,Postulado,Ingeniero de Bases de Datos / Database Administrator,,"sql, software",True,,2,,https://www.computrabajo.com.co/ofertas-de-trabajo/oferta-de-trabajo-de-ingeniero-de-bases-de-datos-database-administrator-en-bogota-dc-5669441696DEF17861373E686DCF3405#lc=ListOffers-Score4-8
2026-02-09T21:22:05.687799,Postulado,Ingeniero de Integración de Datos AWS,,"python, java, sql, aws, software",True,,4,,https://www.computrabajo.com.co/ofertas-de-trabajo/oferta-de-trabajo-de-ingeniero-de-integracion-de-datos-aws-obra-o-labor-por-3-meses-en-bogota-dc-3D6E7AD2D57191F261373E686DCF3405#lc=ListOffers-Score4-9
2026-02-09T21:22:08.387407,Postulado,Ingeniero de Datos,,"python, sql, software",True,,3,,https://www.computrabajo.com.co/ofertas-de-trabajo/oferta-de-trabajo-de-ingeniero-de-datos-cali-en-cali-1B10B092D057013661373E686DCF3405#lc=ListOffers-Score4-10
2026-02-09T21:22:11.210135,Postulado,Ingeniero de datos  Chia,,"python, sql, software",False,,2,,https://www.computrabajo.com.co/ofertas-de-trabajo/oferta-de-trabajo-de-ingeniero-de-datos-chia-proceso-inmediato-en-chia-D00FA8C273AB58E361373E686DCF3405#lc=ListOffers-Score4-11
2026-02-09T21:22:14.127888,Empleo destacado,Profesional en ingeniera de datos,Postulado,"python, software",False,,3,,https://www.computrabajo.com.co/ofertas-de-trabajo/oferta-de-trabajo-de-profesional-en-ingeniera-de-datos-concesionario-sitp-en-bogota-dc-71467778723E56B761373E686DCF3405#lc=ListOffers-Score4-12
2026-02-09T21:22:17.553009,Postulado,Ingeniero de datos,,"aws, software",True,,3,,https://www.computrabajo.com.co/ofertas-de-trabajo/oferta-de-trabajo-de-ingeniero-de-datos-en-funza-F63E2612D7F1698C61373E686DCF3405#lc=ListOffers-Score4-13
2026-02-09T21:22:20.342908,Empleo destacado,Ingeniero de datos,Postulado,"sql, cloud, aws, software",True,,3,,https://www.computrabajo.com.co/ofertas-de-trabajo/oferta-de-trabajo-de-ingeniero-de-datos-en-manizales-4AD016A60F6B7A3E61373E686DCF3405#lc=ListOffers-Score4-14
2026-02-09T21:22:23.250359,Postulado,"Practicante profesional en ingeniería de ciencias de datos, ingeniero industrial o carreras afines.",,,False,,18,,https://www.computrabajo.com.co/ofertas-de-trabajo/oferta-de-trabajo-de-practicante-profesional-en-ingenieria-de-ciencias-de-datos-ingeniero-industrial-o-carreras-afines-en-medellin-E31C69B703BA612261373E686DCF3405#lc=ListOffers-Score4-15
2026-02-09T21:22:26.214854,Se precisa Urgente,Ingeniero/a de Canales Digitales / Análisis de datos,Postulado,sql,False,,30,,https://www.computrabajo.com.co/ofertas-de-trabajo/oferta-de-trabajo-de-ingenieroa-de-canales-digitales-analisis-de-datos-contratacion-inmediata-en-bogota-dc-53B9F5307096163661373E686DCF3405#lc=ListOffers-Score4-16
2026-02-09T21:22:29.041605,Postulado,Consultor Ingeniero de Datos,,"sql, cloud, azure, software",False,,5,,https://www.computrabajo.com.co/ofertas-de-trabajo/oferta-de-trabajo-de-consultor-ingeniero-de-datos-en-medellin-8D8E0E19DA22F3A861373E686DCF3405#lc=ListOffers-Score4-17
2026-02-09T21:22:31.890085,Empleo destacado,Ingeniero de confiabilidad y analítica de datos,Postulado,python,False,,3,,https://www.computrabajo.com.co/ofertas-de-trabajo/oferta-de-trabajo-de-ingeniero-de-confiabilidad-y-analitica-de-datos-cucuta-en-cucuta-1CAFB42CA50D228661373E686DCF3405#lc=ListOffers-Score4-18
2026-02-09T21:22:34.552006,Se precisa Urgente,Data Engineer / Ingeniero(a) de Datos / Especialista en Ingeniería de Datos,Empleo destacado,"python, sql, cloud, software",True,,4,,https://www.computrabajo.com.co/ofertas-de-trabajo/oferta-de-trabajo-de-data-engineer-ingenieroa-de-datos-especialista-en-ingenieria-de-datos-remoto-en-compania-americana-en-estados-unidos-573EFA8B95DAF2A961373E686DCF3405#lc=ListOffers-Score4-19
2026-02-09T21:22:42.185284,Postulado,Ingeniero/a de analítica de datos,,software,False,,2,,https://www.computrabajo.com.co/ofertas-de-trabajo/oferta-de-trabajo-de-ingenieroa-de-analitica-de-datos-industrial-en-tocancipa-12D151402067EB5761373E686DCF3405#lc=ListOffers-Score4-0
2026-02-09T21:22:45.031760,Postulado,Ingeniero Desarrollador Base de Datos Oracle,,"sql, node, software, backend",True,,2,,https://www.computrabajo.com.co/ofertas-de-trabajo/oferta-de-trabajo-de-ingeniero-desarrollador-base-de-datos-oracle-en-bucaramanga-71D3BD5FB3B50F7661373E686DCF3405#lc=ListOffers-Score4-1
2026-02-09T21:22:47.851473,Empleo destacado,Ingeniero experto en Databricks,Postulado,"python, aws, azure, software",True,,5,,https://www.computrabajo.com.co/ofertas-de-trabajo/oferta-de-trabajo-de-ingeniero-experto-en-databricks-en-bogota-dc-6D7E02B0E56FF5F561373E686DCF3405#lc=ListOffers-Score3-2
2026-02-09T21:22:50.548661,Postulado,analista de datos,,"python, sql, cloud, aws, azure",True,,4,,https://www.computrabajo.com.co/ofertas-de-trabajo/oferta-de-trabajo-de-analista-de-datos-en-bogota-dc-3195653D0FF87F0261373E686DCF3405#lc=ListOffers-Score3-3
2026-02-09T21:22:53.284180,Postulado,Software Integration Engineer,,"python, java, sql, cloud, aws, azure, support, software",True,,5,required,https://www.computrabajo.com.co/ofertas-de-trabajo/oferta-de-trabajo-de-software-integration-engineer-en-bogota-dc-266F94AE04799B4661373E686DCF3405#lc=ListOffers-Score3-4
2026-02-09T21:22:56.026669,Postulado,Software Integration Engineer,,"python, java, sql, support, software, backend",True,,4,required,https://www.computrabajo.com.co/ofertas-de-trabajo/oferta-de-trabajo-de-software-integration-engineer-sqlinux-and-etl-en-bogota-dc-149AA92CE977573961373E686DCF3405#lc=ListOffers-Score3-5
2026-02-09T21:22:58.742856,Postulado,Cloud Support Engineer,,"python, java, sql, cloud, aws, security, support, software, backend",True,,4,required,https://www.computrabajo.com.co/ofertas-de-trabajo/oferta-de-trabajo-de-cloud-support-engineer-aws-sql-java-en-bogota-dc-9AB767D6E4285F4A61373E686DCF3405#lc=ListOffers-Score3-6
2026-02-09T21:23:01.595883,Postulado,L1 Support Engineer Bilingüe  ¡Portugues!,,"sql, cloud, support",False,,,required,https://www.computrabajo.com.co/ofertas-de-trabajo/oferta-de-trabajo-de-l1-support-engineer-bilingue-portugues-en-bogota-dc-6B6A015E850973EC61373E686DCF3405#lc=ListOffers-Score3-7
2026-02-09T21:23:04.576130,Postulado,Service Provider Networking Engineer,,"cloud, support, software",True,,,required,https://www.computrabajo.com.co/ofertas-de-trabajo/oferta-de-trabajo-de-service-provider-networking-engineer-advanced-english-and-german-en-barranquilla-49A37AF4B5D6937F61373E686DCF3405#lc=ListOffers-Score3-8
2026-02-09T21:23:07.253251,Empleo destacado,Associate Technical Support Engineer,Postulado,"java, sql, support, software",True,,,required,https://www.computrabajo.com.co/ofertas-de-trabajo/oferta-de-trabajo-de-associate-technical-support-engineer-advanced-english-level-en-bogota-dc-A6B37780F1EFC2D661373E686DCF3405#lc=ListOffers-Score3-9
2026-02-09T21:23:09.953127,Se precisa Urgente,Senior Machine Learning Engineer,Empleo destacado,"python, sql, cloud, azure, security, support, software",True,senior,5,required,https://www.computrabajo.com.co/ofertas-de-trabajo/oferta-de-trabajo-de-senior-machine-learning-engineer-remote-en-bogota-dc-82C27D42E351E27861373E686DCF3405#lc=ListOffers-Score3-10
2026-02-09T21:23:12.601580,Postulado,¡Urgente!  L1 Support Engineer Bilingüe,,"sql, cloud, support",False,,,required,https://www.computrabajo.com.co/ofertas-de-trabajo/oferta-de-trabajo-de-urgente-l1-support-engineer-bilingue-bogota-en-bogota-dc-C006A4FFD9D267BE61373E686DCF3405#lc=ListOffers-Score3-11
2026-02-09T21:23:15.267448,Postulado,"Senior Software Engineer, Supply Chain Tech",,"python, java, cloud, aws, react, node, support, software, backend, frontend",True,senior,5,required,https://www.computrabajo.com.co/ofertas-de-trabajo/oferta-de-trabajo-de-senior-software-engineer-supply-chain-tech-en-bogota-dc-F6DD9E9561E1A9AA61373E686DCF3405#lc=ListOffers-Score3-12
2026-02-09T21:23:18.483544,Postulado,Content Moderator Operations Manager,,"security, support",True,manager,,required,https://www.computrabajo.com.co/ofertas-de-trabajo/oferta-de-trabajo-de-content-moderator-operations-manager-en-barranquilla-D0AC0595B4E6806961373E686DCF3405#lc=ListOffers-Score3-13
2026-02-09T21:23:21.186747,Postulado,Content Moderator Quality Analyst,,"security, support",True,,3,required,https://www.computrabajo.com.co/ofertas-de-trabajo/oferta-de-trabajo-de-content-moderator-quality-analyst-en-barranquilla-632F577BD42BDC0961373E686DCF3405#lc=ListOffers-Score3-14
2026-02-09T21:23:23.981983,Postulado,Content Moderator Trainer,,support,False,,,required,https://www.computrabajo.com.co/ofertas-de-trabajo/oferta-de-trabajo-de-content-moderator-trainer-en-barranquilla-620BFCC04C8EDEC161373E686DCF3405#lc=ListOffers-Score3-15
2026-02-09T21:23:26.719995,Postulado,Consultores SAP Diferentes módulos  En todo Colombia,,"sql, cloud, aws, azure",True,,5,,https://www.computrabajo.com.co/ofertas-de-trabajo/oferta-de-trabajo-de-consultores-sap-diferentes-modulos-en-todo-colombia-en-bogota-dc-C96FEAD39856EAAD61373E686DCF3405#lc=ListOffers-Score3-16
2026-02-09T21:23:29.407859,Postulado,principal devops and integration engineer,,"sql, cloud, azure, security, support, software",True,,5,required,https://www.computrabajo.com.co/ofertas-de-trabajo/oferta-de-trabajo-de-principal-devops-and-integration-engineer-en-bogota-dc-E503F69F55C999A661373E686DCF3405#lc=ListOffers-Score3-17
2026-02-09T21:23:32.149587,Postulado,Jefe de servidores / bases de datos / cloud / soluciones,,"sql, cloud, aws, azure, security, support, software",False,,5,required,https://www.computrabajo.com.co/ofertas-de-trabajo/oferta-de-trabajo-de-jefe-de-servidores-bases-de-datos-cloud-soluciones-en-bogota-dc-AEDA04D71DD5F77761373E686DCF3405#lc=ListOffers-Score3-18
2026-02-09T21:23:34.860224,Postulado,Jefe de servidores / bases de datos / cloud / soluciones,,"sql, cloud, aws, azure, security",False,,5,required,https://www.computrabajo.com.co/ofertas-de-trabajo/oferta-de-trabajo-de-jefe-de-servidores-bases-de-datos-cloud-soluciones-en-bogota-dc-1DA7E9308584826961373E686DCF3405#lc=ListOffers-Score3-19
2026-02-09T21:23:43.433267,Postulado,líder de ingeniería,,"python, sql, azure",True,,5,,https://www.computrabajo.com.co/ofertas-de-trabajo/oferta-de-trabajo-de-lider-de-ingenieria-datos-y-visualizacion-en-medellin-51E91A0BE4B2EAA361373E686DCF3405#lc=ListOffers-Score3-0
2026-02-09T21:23:46.096041,Postulado,Ingeniero de Sistemas,,"python, java, sql, software",False,,2,,https://www.computrabajo.com.co/ofertas-de-trabajo/oferta-de-trabajo-de-ingeniero-de-sistemas-en-bogota-dc-A5EC089C0FC35B6861373E686DCF3405#lc=ListOffers-Score0-1
2026-02-09T21:23:48.773562,Postulado,Analista de gestión de bases de datos para personas con y sin discapacidad,,software,False,,,,https://www.computrabajo.com.co/ofertas-de-trabajo/oferta-de-trabajo-de-analista-de-gestion-de-bases-de-datos-para-personas-con-y-sin-discapacidad-en-envigado-A606CC4C028B09F161373E686DCF3405#lc=ListOffers-Score0-2
2026-02-09T21:23:51.626010,Se precisa Urgente,Practicante en Ing industrial o administracion de empresas,Empleo destacado,,False,,,required,https://www.computrabajo.com.co/ofertas-de-trabajo/oferta-de-trabajo-de-practicante-en-ing-industrial-o-administracion-de-empresas-profesional-en-barranquilla-F6080D5646E18B8361373E686DCF3405#lc=ListOffers-Score0-3
2026-02-09T21:23:54.345338,Postulado,"Analista de Procesos, Bases, ETL y Datos Junior",,"python, sql, cloud, aws, support, software",False,junior,5,,https://www.computrabajo.com.co/ofertas-de-trabajo/oferta-de-trabajo-de-analista-de-procesos-bases-etl-y-datos-junior-bogota-en-bogota-dc-0F80E56454CCA26961373E686DCF3405#lc=ListOffers-Score0-4
2026-02-09T21:23:57.194366,Se precisa Urgente,Practicante Tecnico Sena Recursos Humanos,Empleo destacado,"cloud, support, software",True,,,required,https://www.computrabajo.com.co/ofertas-de-trabajo/oferta-de-trabajo-de-practicante-tecnico-sena-recursos-humanos-hibrido-en-bogota-dc-E920A8D8DABEED4B61373E686DCF3405#lc=ListOffers-Score0-5
2026-02-09T21:23:59.890379,Empleo destacado,Practicante de ingenieria de sistemas,Postulado,"python, sql, software",False,,25,required,https://www.computrabajo.com.co/ofertas-de-trabajo/oferta-de-trabajo-de-practicante-de-ingenieria-de-sistemas-profesionaltecnologo-en-medellin-528D9B488E802DE461373E686DCF3405#lc=ListOffers-Score0-6
2026-02-09T21:24:03.027410,Se precisa Urgente,Tecnico de Operacion y Mantenimiento con Conte / Telecomunicaciones,Empleo destacado,,False,,,,https://www.computrabajo.com.co/ofertas-de-trabajo/oferta-de-trabajo-de-tecnico-de-operacion-y-mantenimiento-con-conte-telecomunicaciones-tarjeta-conte-bogota-en-bogota-dc-8AC40351F2ECCC5D61373E686DCF3405#lc=ListOffers-Score0-7
2026-02-09T21:24:05.753961,Postulado,Docente/Profesor Ingeniero Sistemas,,software,False,,3,required,https://www.computrabajo.com.co/ofertas-de-trabajo/oferta-de-trabajo-de-docenteprofesor-ingeniero-sistemas-profesor-areas-tecnicos-en-sistemas-en-cali-C0F1D2339D53D38D61373E686DCF3405#lc=ListOffers-Score0-8
2026-02-09T21:24:08.605382,Postulado,Cloud Support Engineer,,"python, java, sql, cloud, aws, azure, security, support, software",True,,2,required,https://www.computrabajo.com.co/ofertas-de-trabajo/oferta-de-trabajo-de-cloud-support-engineer-en-bogota-dc-859DF4FA9228E57561373E686DCF3405#lc=ListOffers-Score0-9
2026-02-09T21:24:11.409024,Se precisa Urgente,Analista comercial metalmetanico,Postulado,,False,,,,https://www.computrabajo.com.co/ofertas-de-trabajo/oferta-de-trabajo-de-analista-comercial-metalmetanico-tecnico-en-cali-434EE4BBF052D6CE61373E686DCF3405#lc=ListOffers-Score0-10
2026-02-09T21:24:14.408431,Empleo destacado,Tubero 1A,Postulado,,False,,2,,https://www.computrabajo.com.co/ofertas-de-trabajo/oferta-de-trabajo-de-tubero-1a-pago-por-horas-en-cali-F047FB188FE48C4D61373E686DCF3405#lc=ListOffers-Score0-11
2026-02-09T21:24:17.110156,Se precisa Urgente,"Analista de datos excel avanzado, power Query",Empleo destacado,sql,True,,2,,https://www.computrabajo.com.co/ofertas-de-trabajo/oferta-de-trabajo-de-analista-de-datos-excel-avanzado-power-query-estudiante-ingenieria-sistemas-en-bogota-dc-8CBA1CCCC4BA452261373E686DCF3405#lc=ListOffers-Score0-12
2026-02-09T21:24:20.330905,Postulado,Analista Comercial,,,False,,,,https://www.computrabajo.com.co/ofertas-de-trabajo/oferta-de-trabajo-de-analista-comercial-sector-metalmecanico-en-cali-726F5DCC0172BA2361373E686DCF3405#lc=ListOffers-Score0-13
2026-02-09T21:24:23.214853,Empleo destacado,Soldador tubero 1A  y soldador Argonero,Postulado,,False,,2,,https://www.computrabajo.com.co/ofertas-de-trabajo/oferta-de-trabajo-de-soldador-tubero-1a-y-soldador-argonero-pago-por-horas-en-cali-2F4B6EBB9272022A61373E686DCF3405#lc=ListOffers-Score0-14
2026-02-09T21:24:26.060297,Postulado,Electricista industrial,,,False,,2,,https://www.computrabajo.com.co/ofertas-de-trabajo/oferta-de-trabajo-de-electricista-industrial-pago-por-horas-en-cali-573B7835CECBD35661373E686DCF3405#lc=ListOffers-Score0-15
2026-02-09T21:24:29.027309,Empleo destacado,Ingeniero Preventa de Datacenter / Hybrid Cloud,Postulado,"cloud, aws, azure",True,,3,,https://www.computrabajo.com.co/ofertas-de-trabajo/oferta-de-trabajo-de-ingeniero-preventa-de-datacenter-hybrid-cloud-en-bogota-dc-D47A2AAEBA65A39661373E686DCF3405#lc=ListOffers-Score0-16
2026-02-09T21:24:31.744403,Postulado,"Practicante Universitario de ingeniería de sistemas, industrial o Big data",,,False,,20,,https://www.computrabajo.com.co/ofertas-de-trabajo/oferta-de-trabajo-de-practicante-universitario-de-ingenieria-de-sistemas-industrial-o-big-data-bogota-en-bogota-dc-73530E5A92E82B3061373E686DCF3405#lc=ListOffers-Score0-17
2026-02-09T21:24:34.498181,Postulado,Ingeniería bilingüe nivel III de Datos Azure y Analítica,,"cloud, azure",True,,5,,https://www.computrabajo.com.co/ofertas-de-trabajo/oferta-de-trabajo-de-ingenieria-bilingue-nivel-iii-de-datos-azure-y-analitica-ingenieria-bilingue-nivel-iii-de-datos-azure-en-bogota-dc-3B412EBAB8509C1A61373E686DCF3405#lc=ListOffers-Score0-18
2026-02-09T21:24:37.191600,Postulado,ingeniero procesos,,python,False,,2,,https://www.computrabajo.com.co/ofertas-de-trabajo/oferta-de-trabajo-de-ingeniero-procesos-ingeniero-industrial-en-madrid-0413AC6602D21E4161373E686DCF3405#lc=ListOffers-Score0-19
